company_name,company_url
株式会社グロップ（グロップグループ）,http://www.grop.co.jp/
株式会社ア・ライズエステート,
株式会社エフ・オー・プランニング,
ミニークホールディングス　/　カーミニーク本部,
日研トータルソーシング株式会社 メディカルケア事業部,http://www.nikken-totalsourcing.jp/
株式会社TMJ,
日研トータルソーシング株式会社,http://www.nikken-totalsourcing.jp
株式会社エー・アンド・ケー・コム,
株式会社ウィルオブ・ワーク（ウィルグループ）,https://willof-work.co.jp/
ティー・エム・エス株式会社,
株式会社ミュゼプラチナム,https://musee-pla.com/
株式会社イノベーター,
株式会社エフ・オー・プランニング,
株式会社ファニーホーム,
アーク引越センター株式会社,https://www.0003.co.jp/
株式会社研成社,
株式会社LITALICO（東証プライム上場）,http://litalico.co.jp/
株式会社旭高速印刷,
株式会社リクルート,https://www.recruit.co.jp/
株式会社須藤精密,
株式会社リクルート,https://www.recruit.co.jp/
株式会社Ｌｉｎｇ,
日本生命保険相互会社,https://www.nissay.co.jp/kaisha/saiyo/chuto/service/
株式会社プロモーション,
株式会社ウィンノット,https://win-knot.co.jp/
株式会社ＬｅｂｅｎＧｌａｎｚ,
DSP株式会社,http://www.dsp-net.co.jp/
有限会社ネクスト,
Enazeal株式会社,https://www.enazeal.co.jp/
スターワークスグループ,
株式会社C・S・R,
株式会社阿部興業,
株式会社オープンハウス（オープンハウスグループ）,https://recruit.openhouse-group.com/career_sales/
ファングロウス株式会社,
株式会社オープンハウス（オープンハウスグループ）,https://recruit.openhouse-group.com/career_sales/
テクニカルプランニング株式会社,
キャリアリンク株式会社,https://www.careerlink.co.jp/
株式会社たかのは,
ユースグループ,http://www.youth-haken.jp
株式会社ルークスグループ,
アサヒビール株式会社,https://www.fpsaiyo-asahibeer.jp/
株式会社エー・アンド・ケー・コム,
AIGパートナーズ株式会社,http://www.f-is.co.jp/
株式会社レゾナンツ・テクノロジー,
大東建託株式会社（東証プライム上場）,http://www.kentaku.co.jp
株式会社ＧｏｌｄＫｅｙＣｏ．，Ｌｔｄ,
大東建託株式会社（東証プライム上場）,http://www.kentaku.co.jp
株式会社タカギセイコー,
株式会社3WELL,https://3well.co.jp/
有限会社クリオ,
